10449.6013682,14332591691.9,187291988078,17923362.0,17923362.0,-0.05,-0.55,8.44,10385.02,10385.02,10385.02,19-09-08-23-06
10449.6013682,14332591691.9,187291988078,17923362.0,17923362.0,-0.05,-0.55,8.44,10385.02,10385.02,10385.02,19-09-08-23-06
10444.215798,14312010386.9,187195982764,17923412.0,17923412.0,-0.1,-0.6,8.39,10390.19,10390.19,10390.19,19-09-08-23-10
10441.4073973,14296168382.0,187145646642,17923412.0,17923412.0,-0.1,-0.64,8.35,10393.5,10393.5,10393.5,19-09-08-23-11
10441.4073973,14296168382.0,187145646642,17923412.0,17923412.0,-0.1,-0.64,8.35,10393.37,10393.37,10393.37,19-09-08-23-12
10438.94746,14285937429.9,187101556172,17923412.0,17923412.0,-0.13,-0.66,8.32,10386.53,10386.53,10386.53,19-09-08-23-13
10438.94746,14285937429.9,187101556172,17923412.0,17923412.0,-0.13,-0.66,8.32,10398.04,10398.04,10398.04,19-09-08-23-14
10438.94746,14285937429.9,187101556172,17923412.0,17923412.0,-0.13,-0.66,8.32,10398.04,10398.04,10398.04,19-09-08-23-15
10444.1104691,14283690549.5,187194094911,17923412.0,17923412.0,-0.06,-0.63,8.37,10387.93,10387.93,10387.93,19-09-08-23-16
10444.1104691,14283690549.5,187194094911,17923412.0,17923412.0,-0.06,-0.63,8.37,10387.93,10387.93,10387.93,19-09-08-23-17
10439.3041963,14275370664.2,187107950104,17923412.0,17923412.0,-0.11,-0.68,8.32,10387.39,10387.39,10387.39,19-09-08-23-18
10439.3041963,14275370664.2,187107950104,17923412.0,17923412.0,-0.11,-0.68,8.32,10387.39,10387.39,10387.39,19-09-08-23-19
10439.3041963,14275370664.2,187107950104,17923412.0,17923412.0,-0.11,-0.68,8.32,10389.77,10389.77,10389.77,19-09-08-23-20
10442.1008627,14263436383.3,187158075908,17923412.0,17923412.0,-0.1,-0.68,8.33,10386.16,10386.16,10386.16,19-09-08-23-21
10442.1008627,14263436383.3,187158075908,17923412.0,17923412.0,-0.1,-0.68,8.33,10386.11,10386.11,10386.11,19-09-08-23-22
10440.6650964,14254646080.3,187132342077,17923412.0,17923412.0,-0.11,-0.69,8.32,10388.12,10388.12,10388.12,19-09-08-23-23
10440.6650964,14254646080.3,187132342077,17923412.0,17923412.0,-0.11,-0.69,8.32,10387.37,10387.37,10387.37,19-09-08-23-24
10440.6650964,14254646080.3,187132342077,17923412.0,17923412.0,-0.11,-0.69,8.32,10386.78,10386.78,10386.78,19-09-08-23-25
10437.5558364,14254381212.0,187076613529,17923412.0,17923412.0,-0.16,-0.76,8.27,10382.8,10382.8,10382.8,19-09-08-23-26
10437.5558364,14254381212.0,187076613529,17923412.0,17923412.0,-0.16,-0.76,8.27,10377.83,10377.83,10377.83,19-09-08-23-27
10434.8956275,14237039654.6,187029330035,17923450.0,17923450.0,-0.18,-0.78,8.25,10376.63,10376.63,10376.63,19-09-08-23-28
10434.8956275,14237039654.6,187029330035,17923450.0,17923450.0,-0.18,-0.78,8.25,10375.74,10375.74,10375.74,19-09-08-23-29
10434.8956275,14237039654.6,187029330035,17923450.0,17923450.0,-0.18,-0.78,8.25,10383.41,10383.41,10383.41,19-09-08-23-30
10435.3887872,14236766385.0,187038169158,17923450.0,17923450.0,-0.2,-0.8,8.24,10373.87,10373.87,10373.87,19-09-08-23-31
10435.3887872,14236766385.0,187038169158,17923450.0,17923450.0,-0.2,-0.8,8.24,10379.48,10379.48,10379.48,19-09-08-23-32
10429.7379007,14022100359.7,186936885776,17923450.0,17923450.0,-0.25,-0.86,8.18,10376.65,10376.65,10376.65,19-09-08-23-33
10429.7379007,14022100359.7,186936885776,17923450.0,17923450.0,-0.25,-0.86,8.18,10377.25,10377.25,10377.25,19-09-08-23-34
10429.7379007,14022100359.7,186936885776,17923450.0,17923450.0,-0.25,-0.86,8.18,10383.36,10383.36,10383.36,19-09-08-23-35
10444.8882398,14022821463.6,187208432122,17923450.0,17923450.0,-0.1,-0.74,8.33,10376.57,10376.57,10376.57,19-09-08-23-36
10444.8882398,14022821463.6,187208432122,17923450.0,17923450.0,-0.1,-0.74,8.33,10381.83,10381.83,10381.83,19-09-08-23-37
10429.980354,14018321651.7,186941231376,17923450.0,17923450.0,-0.24,-0.88,8.17,10381.56,10381.56,10381.56,19-09-08-23-38
10429.980354,14018321651.7,186941231376,17923450.0,17923450.0,-0.24,-0.88,8.17,10378.73,10378.73,10378.73,19-09-08-23-39
10429.980354,14018321651.7,186941231376,17923450.0,17923450.0,-0.24,-0.88,8.17,10381.04,10381.04,10381.04,19-09-08-23-40
10438.0417113,14003114866.6,187085718710,17923450.0,17923450.0,-0.16,-0.81,8.25,10379.94,10379.94,10379.94,19-09-08-23-41
10438.0417113,14003114866.6,187085718710,17923450.0,17923450.0,-0.16,-0.81,8.25,10381.17,10381.17,10381.17,19-09-08-23-42
10439.2658944,13982612746.4,187107660295,17923450.0,17923450.0,-0.15,-0.8,8.26,10378.58,10378.58,10378.58,19-09-08-23-43
10439.2658944,13982612746.4,187107660295,17923450.0,17923450.0,-0.15,-0.8,8.26,10394.32,10394.32,10394.32,19-09-08-23-44
10439.2658944,13982612746.4,187107660295,17923450.0,17923450.0,-0.15,-0.8,8.26,10390.66,10390.66,10390.66,19-09-08-23-45
10440.0337935,14006130436.1,187121423696,17923450.0,17923450.0,-0.14,-0.8,8.25,10392.29,10392.29,10392.29,19-09-08-23-46
10440.0337935,14006130436.1,187121423696,17923450.0,17923450.0,-0.14,-0.8,8.25,10396.89,10396.89,10396.89,19-09-08-23-47
10442.9533868,13986058852.2,187174400344,17923512.0,17923512.0,-0.11,-0.77,8.28,10397.12,10397.12,10397.12,19-09-08-23-48
10442.9533868,13986058852.2,187174400344,17923512.0,17923512.0,-0.11,-0.77,8.28,10397.52,10397.52,10397.52,19-09-08-23-49
10442.9533868,13986058852.2,187174400344,17923512.0,17923512.0,-0.11,-0.77,8.28,10397.52,10397.52,10397.52,19-09-08-23-50
10435.6920923,13987658292.8,187044252445,17923512.0,17923512.0,-0.17,-0.84,8.2,10398.04,10398.04,10398.04,19-09-08-23-51
10435.6920923,13987658292.8,187044252445,17923512.0,17923512.0,-0.17,-0.84,8.2,10399.36,10399.36,10399.36,19-09-08-23-52
10443.5530624,14002921743.4,187185148637,17923512.0,17923512.0,-0.1,-0.77,8.28,10398.52,10398.52,10398.52,19-09-08-23-53
10443.5530624,14002921743.4,187185148637,17923512.0,17923512.0,-0.1,-0.77,8.28,10398.52,10398.52,10398.52,19-09-08-23-54
10443.5530624,14002921743.4,187185148637,17923512.0,17923512.0,-0.1,-0.77,8.28,10399.56,10399.56,10399.56,19-09-08-23-55
10436.7093703,13991456527.6,187062485639,17923512.0,17923512.0,-0.12,-0.83,8.2,10399.12,10399.12,10399.12,19-09-08-23-56
10436.7093703,13991456527.6,187062485639,17923512.0,17923512.0,-0.12,-0.83,8.2,10397.37,10397.37,10397.37,19-09-08-23-57
10441.2959008,13989131412.6,187144692374,17923512.0,17923512.0,-0.08,-0.78,8.24,10395.95,10395.95,10395.95,19-09-08-23-58
10441.2959008,13989131412.6,187144692374,17923512.0,17923512.0,-0.08,-0.78,8.24,10399.49,10399.49,10399.49,19-09-08-23-59
10441.2959008,13989131412.6,187144692374,17923512.0,17923512.0,-0.08,-0.78,8.24,10399.33,10399.33,10399.33,19-09-09-00-00
10439.744586,14001125628.9,187116887364,17923512.0,17923512.0,-0.07,-0.8,8.22,10398.32,10398.32,10398.32,19-09-09-00-01
10439.744586,14001125628.9,187116887364,17923512.0,17923512.0,-0.07,-0.8,8.22,10397.29,10397.29,10397.29,19-09-09-00-02
10435.4553092,14005418854.3,187040008460,17923512.0,17923512.0,-0.11,-0.84,8.17,10397.05,10397.05,10397.05,19-09-09-00-03
10435.4553092,14005418854.3,187040008460,17923512.0,17923512.0,-0.11,-0.84,8.17,10395.97,10395.97,10395.97,19-09-09-00-04
10435.4553092,14005418854.3,187040008460,17923512.0,17923512.0,-0.11,-0.84,8.17,10386.63,10386.63,10386.63,19-09-09-00-05
10432.7617839,13981292181.9,186991731027,17923512.0,17923512.0,-0.12,-0.86,8.13,10385.7,10385.7,10385.7,19-09-09-00-06
10432.7617839,13981292181.9,186991731027,17923512.0,17923512.0,-0.12,-0.86,8.13,10381.48,10381.48,10381.48,19-09-09-00-07
10440.4242079,13999332170.9,187129590597,17923562.0,17923562.0,-0.05,-0.79,8.21,10384.12,10384.12,10384.12,19-09-09-00-08
10440.4242079,13999332170.9,187129590597,17923562.0,17923562.0,-0.05,-0.79,8.21,10379.22,10379.22,10379.22,19-09-09-00-09
10440.4242079,13999332170.9,187129590597,17923562.0,17923562.0,-0.05,-0.79,8.21,10377.13,10377.13,10377.13,19-09-09-00-10
10442.8715407,13979347214.7,187173455518,17923562.0,17923562.0,-0.01,-0.76,8.22,10378.39,10378.39,10378.39,19-09-09-00-11
10442.8715407,13979347214.7,187173455518,17923562.0,17923562.0,-0.01,-0.76,8.22,10376.59,10376.59,10376.59,19-09-09-00-12
10438.3583869,13974510778.7,187092563726,17923562.0,17923562.0,-0.05,-0.81,8.18,10376.32,10376.32,10376.32,19-09-09-00-13
10438.3583869,13974510778.7,187092563726,17923562.0,17923562.0,-0.05,-0.81,8.18,10373.45,10373.45,10373.45,19-09-09-00-14
10438.3583869,13974510778.7,187092563726,17923562.0,17923562.0,-0.05,-0.81,8.18,10369.31,10369.31,10369.31,19-09-09-00-15
10431.5367627,13973441573.8,186970295922,17923562.0,17923562.0,-0.1,-0.87,8.1,10367.9,10367.9,10367.9,19-09-09-00-16
10431.5367627,13973441573.8,186970295922,17923562.0,17923562.0,-0.1,-0.87,8.1,10370.75,10370.75,10370.75,19-09-09-00-17
10437.3362764,13982206410.7,187074243865,17923562.0,17923562.0,-0.04,-0.81,8.16,10371.68,10371.68,10371.68,19-09-09-00-18
10437.3362764,13982206410.7,187074243865,17923562.0,17923562.0,-0.04,-0.81,8.16,10371.8,10371.8,10371.8,19-09-09-00-19
10437.3362764,13982206410.7,187074243865,17923562.0,17923562.0,-0.04,-0.81,8.16,10371.34,10371.34,10371.34,19-09-09-00-20
10429.9879778,13983078051.2,186942536179,17923562.0,17923562.0,-0.09,-0.87,8.07,10365.21,10365.21,10365.21,19-09-09-00-21
10429.9879778,13983078051.2,186942536179,17923562.0,17923562.0,-0.09,-0.87,8.07,10348.28,10348.28,10348.28,19-09-09-00-22
10424.2991935,14012852043.3,186840572901,17923562.0,17923562.0,-0.14,-0.92,8.01,10353.08,10353.08,10353.08,19-09-09-00-23
10424.2991935,14012852043.3,186840572901,17923562.0,17923562.0,-0.14,-0.92,8.01,10352.92,10352.92,10352.92,19-09-09-00-24
10424.2991935,14012852043.3,186840572901,17923562.0,17923562.0,-0.14,-0.92,8.01,10351.87,10351.87,10351.87,19-09-09-00-25
10431.1953208,14017920241.4,186964176066,17923562.0,17923562.0,-0.08,-0.86,8.07,10343.22,10343.22,10343.22,19-09-09-00-26
10431.1953208,14017920241.4,186964176066,17923562.0,17923562.0,-0.08,-0.86,8.07,10350.07,10350.07,10350.07,19-09-09-00-27
10425.3221092,14024739450.3,186859167827,17923587.0,17923587.0,-0.13,-0.91,8.01,10348.07,10348.07,10348.07,19-09-09-00-29
10425.3221092,14024739450.3,186859167827,17923587.0,17923587.0,-0.13,-0.91,8.01,10348.39,10348.39,10348.39,19-09-09-00-30
10425.3221092,14024739450.3,186859167827,17923587.0,17923587.0,-0.13,-0.91,8.01,10345.34,10345.34,10345.34,19-09-09-00-31
10422.1209739,13890112275.1,186801792000,17923587.0,17923587.0,-0.17,-0.94,7.96,10329.95,10329.95,10329.95,19-09-09-00-32
10422.1209739,13890112275.1,186801792000,17923587.0,17923587.0,-0.17,-0.94,7.96,10355.08,10355.08,10355.08,19-09-09-00-33
10422.1209739,13890112275.1,186801792000,17923587.0,17923587.0,-0.17,-0.94,7.96,10355.68,10355.68,10355.68,19-09-09-00-34
10431.7226783,13870761929.8,186973888984,17923587.0,17923587.0,-0.07,-0.84,8.06,10359.34,10359.34,10359.34,19-09-09-00-35
10431.7226783,13870761929.8,186973888984,17923587.0,17923587.0,-0.07,-0.84,8.06,10362.53,10362.53,10362.53,19-09-09-00-36
10421.6147175,13859587640.8,186792718070,17923587.0,17923587.0,-0.17,-0.94,7.95,10354.71,10354.71,10354.71,19-09-09-00-37
10421.6147175,13859587640.8,186792718070,17923587.0,17923587.0,-0.17,-0.94,7.95,10356.19,10356.19,10356.19,19-09-09-00-38
10421.6147175,13859587640.8,186792718070,17923587.0,17923587.0,-0.17,-0.94,7.95,10356.18,10356.18,10356.18,19-09-09-00-39
10419.8960222,13859116456.6,186761912885,17923587.0,17923587.0,-0.18,-0.96,7.93,10357.31,10357.31,10357.31,19-09-09-00-40
10419.8960222,13859116456.6,186761912885,17923587.0,17923587.0,-0.18,-0.96,7.93,10361.23,10361.23,10361.23,19-09-09-00-41
10422.3668404,13868775486.3,186806198810,17923587.0,17923587.0,-0.16,-0.93,7.94,10361.23,10361.23,10361.23,19-09-09-00-42
10422.3668404,13868775486.3,186806198810,17923587.0,17923587.0,-0.16,-0.93,7.94,10357.15,10357.15,10357.15,19-09-09-00-43
10423.9079951,13871780295.7,186833821830,17923587.0,17923587.0,-0.14,-0.92,7.96,10357.15,10357.15,10357.15,19-09-09-00-44
10423.9079951,13871780295.7,186833821830,17923587.0,17923587.0,-0.14,-0.92,7.96,10363.75,10363.75,10363.75,19-09-09-00-45
10423.9079951,13871780295.7,186833821830,17923587.0,17923587.0,-0.14,-0.92,7.96,10363.94,10363.94,10363.94,19-09-09-00-46
10420.9793573,13859298329.7,186781330136,17923587.0,17923587.0,-0.18,-0.95,7.91,10363.94,10363.94,10363.94,19-09-09-00-47
10420.9793573,13859298329.7,186781330136,17923587.0,17923587.0,-0.18,-0.95,7.91,10362.88,10362.88,10362.88,19-09-09-00-48
10422.2676595,13856111426.7,186804421132,17923587.0,17923587.0,-0.17,-0.94,7.93,10367.13,10367.13,10367.13,19-09-09-00-49
10422.2676595,13856111426.7,186804421132,17923587.0,17923587.0,-0.17,-0.94,7.93,10365.37,10365.37,10365.37,19-09-09-00-50
10422.2676595,13856111426.7,186804421132,17923587.0,17923587.0,-0.17,-0.94,7.93,10367.94,10367.94,10367.94,19-09-09-00-51
10420.5187423,13855885054.2,186773074263,17923587.0,17923587.0,-0.21,-0.96,7.9,10367.94,10367.94,10367.94,19-09-09-00-52
10420.5187423,13855885054.2,186773074263,17923587.0,17923587.0,-0.21,-0.96,7.9,10367.21,10367.21,10367.21,19-09-09-00-53
10420.5187423,13855885054.2,186773074263,17923587.0,17923587.0,-0.21,-0.96,7.9,10366.73,10366.73,10366.73,19-09-09-00-54
10421.4267554,13861078173.4,186789349115,17923587.0,17923587.0,-0.2,-0.95,7.91,10366.76,10366.76,10366.76,19-09-09-00-55
10421.4267554,13861078173.4,186789349115,17923587.0,17923587.0,-0.2,-0.95,7.91,10366.59,10366.59,10366.59,19-09-09-00-56
10423.0630275,13857425837.4,186818676980,17923587.0,17923587.0,-0.19,-0.93,7.91,10364.81,10364.81,10364.81,19-09-09-00-57
10423.0630275,13857425837.4,186818676980,17923587.0,17923587.0,-0.19,-0.93,7.91,10369.7,10369.7,10369.7,19-09-09-00-58
10425.0955942,13862858671.7,186855107866,17923587.0,17923587.0,-0.17,-0.91,7.93,10365.72,10365.72,10365.72,19-09-09-00-59
10425.0955942,13862858671.7,186855107866,17923587.0,17923587.0,-0.17,-0.91,7.93,10368.54,10368.54,10368.54,19-09-09-01-00
10425.0955942,13862858671.7,186855107866,17923587.0,17923587.0,-0.17,-0.91,7.93,10371.52,10371.52,10371.52,19-09-09-01-01
10426.8633864,13859891887.7,186886793043,17923587.0,17923587.0,-0.14,-0.9,7.94,10373.89,10373.89,10373.89,19-09-09-01-02
10426.8633864,13859891887.7,186886793043,17923587.0,17923587.0,-0.14,-0.9,7.94,10373.19,10373.19,10373.19,19-09-09-01-03
10425.2784028,13855047996.1,186858384452,17923587.0,17923587.0,-0.16,-0.91,7.92,10366.46,10366.46,10366.46,19-09-09-01-04
10425.2784028,13855047996.1,186858384452,17923587.0,17923587.0,-0.16,-0.91,7.92,10366.43,10366.43,10366.43,19-09-09-01-05
10425.2784028,13855047996.1,186858384452,17923587.0,17923587.0,-0.16,-0.91,7.92,10366.9,10366.9,10366.9,19-09-09-01-06
10424.9383783,13835000047.0,186852289993,17923587.0,17923587.0,-0.16,-0.92,7.9,10366.36,10366.36,10366.36,19-09-09-01-07
10424.9383783,13835000047.0,186852289993,17923587.0,17923587.0,-0.16,-0.92,7.9,10367.29,10367.29,10367.29,19-09-09-01-08
10421.5956181,13845501821.7,186792511221,17923600.0,17923600.0,-0.19,-0.95,7.87,10366.51,10366.51,10366.51,19-09-09-01-09
10421.5956181,13845501821.7,186792511221,17923600.0,17923600.0,-0.19,-0.95,7.87,10364.13,10364.13,10364.13,19-09-09-01-10
10421.5956181,13845501821.7,186792511221,17923600.0,17923600.0,-0.19,-0.95,7.87,10364.71,10364.71,10364.71,19-09-09-01-11
10421.8627066,13846717463.4,186797298408,17923600.0,17923600.0,-0.15,-0.94,7.86,10361.08,10361.08,10361.08,19-09-09-01-12
10421.8627066,13846717463.4,186797298408,17923600.0,17923600.0,-0.15,-0.94,7.86,10360.52,10360.52,10360.52,19-09-09-01-13
10421.8627066,13846717463.4,186797298408,17923600.0,17923600.0,-0.15,-0.94,7.86,10357.06,10357.06,10357.06,19-09-09-01-14
10420.3496103,13841383852.9,186770178275,17923600.0,17923600.0,-0.17,-0.96,7.85,10365.43,10365.43,10365.43,19-09-09-01-15
10420.3496103,13841383852.9,186770178275,17923600.0,17923600.0,-0.17,-0.96,7.85,10361.01,10361.01,10361.01,19-09-09-01-16
10423.8481826,13851099155.6,186832885286,17923600.0,17923600.0,-0.12,-0.93,7.87,10362.95,10362.95,10362.95,19-09-09-01-17
10423.8481826,13851099155.6,186832885286,17923600.0,17923600.0,-0.12,-0.93,7.87,10365.19,10365.19,10365.19,19-09-09-01-18
10417.7805007,13847511884.0,186724130582,17923600.0,17923600.0,-0.13,-0.98,7.79,10364.58,10364.58,10364.58,19-09-09-01-19
10417.7805007,13847511884.0,186724130582,17923600.0,17923600.0,-0.13,-0.98,7.79,10364.73,10364.73,10364.73,19-09-09-01-20
10417.7805007,13847511884.0,186724130582,17923600.0,17923600.0,-0.13,-0.98,7.79,10363.45,10363.45,10363.45,19-09-09-01-21
10418.1361344,13842613955.1,186730504819,17923600.0,17923600.0,-0.13,-0.97,7.8,10355.22,10355.22,10355.22,19-09-09-01-22
10418.1361344,13842613955.1,186730504819,17923600.0,17923600.0,-0.13,-0.97,7.8,10357.85,10357.85,10357.85,19-09-09-01-23
10418.1361344,13842613955.1,186730504819,17923600.0,17923600.0,-0.13,-0.97,7.8,10359.06,10359.06,10359.06,19-09-09-01-24
10417.8224693,13847323194.6,186724882811,17923600.0,17923600.0,-0.1,-0.97,7.78,10355.33,10355.33,10355.33,19-09-09-01-25
10417.8224693,13847323194.6,186724882811,17923600.0,17923600.0,-0.1,-0.97,7.78,10352.53,10352.53,10352.53,19-09-09-01-26
10413.6556686,13841363756.7,186650844388,17923662.0,17923662.0,-0.14,-1.01,7.74,10351.65,10351.65,10351.65,19-09-09-01-27
10413.6556686,13841363756.7,186650844388,17923662.0,17923662.0,-0.14,-1.01,7.74,10349.21,10349.21,10349.21,19-09-09-01-28
10413.6556686,13841363756.7,186650844388,17923662.0,17923662.0,-0.14,-1.01,7.74,10353.16,10353.16,10353.16,19-09-09-01-29
10419.4872151,13849689140.1,186755367057,17923662.0,17923662.0,-0.06,-0.96,7.79,10352.17,10352.17,10352.17,19-09-09-01-30
10419.4872151,13849689140.1,186755367057,17923662.0,17923662.0,-0.06,-0.96,7.79,10352.93,10352.93,10352.93,19-09-09-01-31
10419.5236726,13735416123.3,186756020509,17923662.0,17923662.0,-0.06,-0.96,7.79,10353.47,10353.47,10353.47,19-09-09-01-32
10419.5236726,13735416123.3,186756020509,17923662.0,17923662.0,-0.06,-0.96,7.79,10354.67,10354.67,10354.67,19-09-09-01-33
10419.5236726,13735416123.3,186756020509,17923662.0,17923662.0,-0.06,-0.96,7.79,10352.86,10352.86,10352.86,19-09-09-01-34
10416.7057466,13722540836.5,186705512956,17923662.0,17923662.0,-0.09,-0.98,7.76,10354.53,10354.53,10354.53,19-09-09-01-35
10416.7057466,13722540836.5,186705512956,17923662.0,17923662.0,-0.09,-0.98,7.76,10360.47,10360.47,10360.47,19-09-09-01-36
10420.0652423,13722375189.9,186765727421,17923662.0,17923662.0,-0.03,-0.95,7.78,10360.72,10360.72,10360.72,19-09-09-01-37
10420.0652423,13722375189.9,186765727421,17923662.0,17923662.0,-0.03,-0.95,7.78,10360.9,10360.9,10360.9,19-09-09-01-38
10420.0652423,13722375189.9,186765727421,17923662.0,17923662.0,-0.03,-0.95,7.78,10360.4,10360.4,10360.4,19-09-09-01-39
10421.9479437,13720832789.4,186799472324,17923662.0,17923662.0,-0.02,-0.93,7.8,10369.71,10369.71,10369.71,19-09-09-01-40
10421.9479437,13720832789.4,186799472324,17923662.0,17923662.0,-0.02,-0.93,7.8,10372.79,10372.79,10372.79,19-09-09-01-41
10424.624952,13729263423.0,186847454116,17923662.0,17923662.0,0.01,-0.91,7.82,10373.96,10373.96,10373.96,19-09-09-01-42
10424.624952,13729263423.0,186847454116,17923662.0,17923662.0,0.01,-0.91,7.82,10375.92,10375.92,10375.92,19-09-09-01-43
10424.624952,13729263423.0,186847454116,17923662.0,17923662.0,0.01,-0.91,7.82,10372.49,10372.49,10372.49,19-09-09-01-44
10431.6486757,13745363663.3,186973344966,17923662.0,17923662.0,0.07,-0.84,7.89,10372.54,10372.54,10372.54,19-09-09-01-45
10431.6486757,13745363663.3,186973344966,17923662.0,17923662.0,0.07,-0.84,7.89,10376.44,10376.44,10376.44,19-09-09-01-46
10431.5342926,13738024980.6,186971951989,17923725.0,17923725.0,0.09,-0.84,7.87,10375.56,10375.56,10375.56,19-09-09-01-47
10431.5342926,13738024980.6,186971951989,17923725.0,17923725.0,0.09,-0.84,7.87,10373.1,10373.1,10373.1,19-09-09-01-48
10431.5342926,13738024980.6,186971951989,17923725.0,17923725.0,0.09,-0.84,7.87,10372.03,10372.03,10372.03,19-09-09-01-50
10423.9219308,13742640271.9,186835510109,17923725.0,17923725.0,0.01,-0.91,7.78,10371.51,10371.51,10371.51,19-09-09-01-51
10423.9219308,13742640271.9,186835510109,17923725.0,17923725.0,0.01,-0.91,7.78,10372.32,10372.32,10372.32,19-09-09-01-52
10424.3186946,13738410199.8,186842621594,17923725.0,17923725.0,0.02,-0.91,7.79,10374.12,10374.12,10374.12,19-09-09-01-53
10424.3186946,13738410199.8,186842621594,17923725.0,17923725.0,0.02,-0.91,7.79,10373.23,10373.23,10373.23,19-09-09-01-54
10424.3186946,13738410199.8,186842621594,17923725.0,17923725.0,0.02,-0.91,7.79,10374.2,10374.2,10374.2,19-09-09-01-55
10421.4715797,13736189488.8,186791590690,17923725.0,17923725.0,-0.02,-0.94,7.75,10372.36,10372.36,10372.36,19-09-09-01-56
10421.4715797,13736189488.8,186791590690,17923725.0,17923725.0,-0.02,-0.94,7.75,10374.15,10374.15,10374.15,19-09-09-01-57
10423.5901039,13732551567.4,186829562535,17923725.0,17923725.0,0.01,-0.92,7.77,10373.52,10373.52,10373.52,19-09-09-01-58
10423.5901039,13732551567.4,186829562535,17923725.0,17923725.0,0.01,-0.92,7.77,10364.18,10364.18,10364.18,19-09-09-01-59
10423.5901039,13732551567.4,186829562535,17923725.0,17923725.0,0.01,-0.92,7.77,10365.9,10365.9,10365.9,19-09-09-02-00
10426.5847328,13738289688.5,186883237440,17923725.0,17923725.0,0.04,-0.9,7.79,10365.35,10365.35,10365.35,19-09-09-02-01
10426.5847328,13738289688.5,186883237440,17923725.0,17923725.0,0.04,-0.9,7.79,10365.33,10365.33,10365.33,19-09-09-02-02
10423.1344714,13733623525.4,186821395903,17923725.0,17923725.0,0.0,-0.93,7.75,10364.76,10364.76,10364.76,19-09-09-02-03
10423.1344714,13733623525.4,186821395903,17923725.0,17923725.0,0.0,-0.93,7.75,10365.85,10365.85,10365.85,19-09-09-02-04
10423.1344714,13733623525.4,186821395903,17923725.0,17923725.0,0.0,-0.93,7.75,10364.83,10364.83,10364.83,19-09-09-02-05
10421.250841,13730379149.1,186787634230,17923725.0,17923725.0,-0.01,-0.95,7.72,10365.29,10365.29,10365.29,19-09-09-02-06
10421.250841,13730379149.1,186787634230,17923725.0,17923725.0,-0.01,-0.95,7.72,10365.08,10365.08,10365.08,19-09-09-02-07
10419.2660548,13729746453.4,186752319950,17923750.0,17923750.0,-0.03,-0.97,7.7,10365.22,10365.22,10365.22,19-09-09-02-08
10419.2660548,13729746453.4,186752319950,17923750.0,17923750.0,-0.03,-0.97,7.7,10365.26,10365.26,10365.26,19-09-09-02-09
10419.2660548,13729746453.4,186752319950,17923750.0,17923750.0,-0.03,-0.97,7.7,10370.76,10370.76,10370.76,19-09-09-02-10
10426.023454,13737597883.8,186873437884,17923750.0,17923750.0,0.04,-0.91,7.76,10373.29,10373.29,10373.29,19-09-09-02-11
10426.023454,13737597883.8,186873437884,17923750.0,17923750.0,0.04,-0.91,7.76,10375.15,10375.15,10375.15,19-09-09-02-12
10427.1966646,13740335026.5,186894466217,17923750.0,17923750.0,0.05,-0.9,7.77,10375.15,10375.15,10375.15,19-09-09-02-13
10427.1966646,13740335026.5,186894466217,17923750.0,17923750.0,0.05,-0.9,7.77,10366.22,10366.22,10366.22,19-09-09-02-14
10427.1966646,13740335026.5,186894466217,17923750.0,17923750.0,0.05,-0.9,7.77,10368.39,10368.39,10368.39,19-09-09-02-15
10422.7192964,13740658056.3,186814214989,17923750.0,17923750.0,0.02,-0.95,7.71,10366.55,10366.55,10366.55,19-09-09-02-16
10422.7192964,13740658056.3,186814214989,17923750.0,17923750.0,0.02,-0.95,7.71,10366.55,10366.55,10366.55,19-09-09-02-17
10423.6802762,13736889420.7,186831439351,17923750.0,17923750.0,0.03,-0.94,7.72,10361.6,10361.6,10361.6,19-09-09-02-18
10423.6802762,13736889420.7,186831439351,17923750.0,17923750.0,0.03,-0.94,7.72,10359.91,10359.91,10359.91,19-09-09-02-19
10423.6802762,13736889420.7,186831439351,17923750.0,17923750.0,0.03,-0.94,7.72,10360.87,10360.87,10360.87,19-09-09-02-20
10420.5935138,13748884167.4,186776112993,17923750.0,17923750.0,0.01,-0.97,7.67,10358.98,10358.98,10358.98,19-09-09-02-21
10420.5935138,13748884167.4,186776112993,17923750.0,17923750.0,0.01,-0.97,7.67,10358.93,10358.93,10358.93,19-09-09-02-22
10420.1947289,13753121002.7,186768965272,17923750.0,17923750.0,0.01,-0.98,7.67,10359.25,10359.25,10359.25,19-09-09-02-23
10420.1947289,13753121002.7,186768965272,17923750.0,17923750.0,0.01,-0.98,7.67,10359.25,10359.25,10359.25,19-09-09-02-24
10420.1947289,13753121002.7,186768965272,17923750.0,17923750.0,0.01,-0.98,7.67,10358.97,10358.97,10358.97,19-09-09-02-25
10419.6866092,13749747045.0,186759857862,17923750.0,17923750.0,0.0,-0.98,7.65,10351.16,10351.16,10351.16,19-09-09-02-26
10419.6866092,13749747045.0,186759857862,17923750.0,17923750.0,0.0,-0.98,7.65,10351.23,10351.23,10351.23,19-09-09-02-27
10415.5837355,13770420261.1,186686443966,17923762.0,17923762.0,-0.04,-1.02,7.61,10353.75,10353.75,10353.75,19-09-09-02-28
10415.5837355,13770420261.1,186686443966,17923762.0,17923762.0,-0.04,-1.02,7.61,10363.56,10363.56,10363.56,19-09-09-02-29
10415.5837355,13770420261.1,186686443966,17923762.0,17923762.0,-0.04,-1.02,7.61,10367.69,10367.69,10367.69,19-09-09-02-30
10420.3180548,13783745593.5,186771300779,17923762.0,17923762.0,-0.01,-0.98,7.65,10363.14,10363.14,10363.14,19-09-09-02-31
10420.3180548,13783745593.5,186771300779,17923762.0,17923762.0,-0.01,-0.98,7.65,10363.34,10363.34,10363.34,19-09-09-02-32
10420.8062943,13677982569.9,186780051867,17923762.0,17923762.0,-0.01,-0.98,7.65,10361.47,10361.47,10361.47,19-09-09-02-33
10420.8062943,13677982569.9,186780051867,17923762.0,17923762.0,-0.01,-0.98,7.65,10358.78,10358.78,10358.78,19-09-09-02-34
10420.8062943,13677982569.9,186780051867,17923762.0,17923762.0,-0.01,-0.98,7.65,10359.86,10359.86,10359.86,19-09-09-02-35
10418.5337737,13680641945.2,186739319749,17923762.0,17923762.0,-0.03,-1.0,7.61,10357.29,10357.29,10357.29,19-09-09-02-36
10418.5337737,13680641945.2,186739319749,17923762.0,17923762.0,-0.03,-1.0,7.61,10357.23,10357.23,10357.23,19-09-09-02-37
10420.4780179,13679002958.3,186774167919,17923762.0,17923762.0,-0.01,-0.98,7.63,10354.33,10354.33,10354.33,19-09-09-02-38
10420.4780179,13679002958.3,186774167919,17923762.0,17923762.0,-0.01,-0.98,7.63,10346.99,10346.99,10346.99,19-09-09-02-39
10420.4780179,13679002958.3,186774167919,17923762.0,17923762.0,-0.01,-0.98,7.63,10351.45,10351.45,10351.45,19-09-09-02-40
10412.105812,13684807015.0,186624106493,17923762.0,17923762.0,-0.1,-1.06,7.53,10351.67,10351.67,10351.67,19-09-09-02-41
10412.105812,13684807015.0,186624106493,17923762.0,17923762.0,-0.1,-1.06,7.53,10347.91,10347.91,10347.91,19-09-09-02-42
10420.2162425,13692658889.2,186769475919,17923762.0,17923762.0,-0.02,-0.98,7.62,10346.59,10346.59,10346.59,19-09-09-02-43
10420.2162425,13692658889.2,186769475919,17923762.0,17923762.0,-0.02,-0.98,7.62,10347.3,10347.3,10347.3,19-09-09-02-44
10420.2162425,13692658889.2,186769475919,17923762.0,17923762.0,-0.02,-0.98,7.62,10346.87,10346.87,10346.87,19-09-09-02-45
10416.6422693,13692821667.0,186705416874,17923762.0,17923762.0,-0.06,-1.02,7.57,10346.28,10346.28,10346.28,19-09-09-02-46
10416.6422693,13692821667.0,186705416874,17923762.0,17923762.0,-0.06,-1.02,7.57,10347.55,10347.55,10347.55,19-09-09-02-47
10409.091259,13683825022.5,186570469908,17923800.0,17923800.0,-0.13,-1.09,7.49,10347.46,10347.46,10347.46,19-09-09-02-48
10409.091259,13683825022.5,186570469908,17923800.0,17923800.0,-0.13,-1.09,7.49,10351.04,10351.04,10351.04,19-09-09-02-49
10409.091259,13683825022.5,186570469908,17923800.0,17923800.0,-0.13,-1.09,7.49,10351.3,10351.3,10351.3,19-09-09-02-50
10411.6364601,13695901511.1,186616089584,17923800.0,17923800.0,-0.11,-1.07,7.5,10353.0,10353.0,10353.0,19-09-09-02-51
10411.6364601,13695901511.1,186616089584,17923800.0,17923800.0,-0.11,-1.07,7.5,10355.33,10355.33,10355.33,19-09-09-02-52
10417.403317,13697145961.8,186719453573,17923800.0,17923800.0,-0.06,-1.02,7.56,10354.39,10354.39,10354.39,19-09-09-02-53
10417.403317,13697145961.8,186719453573,17923800.0,17923800.0,-0.06,-1.02,7.56,10354.56,10354.56,10354.56,19-09-09-02-54
10417.403317,13697145961.8,186719453573,17923800.0,17923800.0,-0.06,-1.02,7.56,10356.4,10356.4,10356.4,19-09-09-02-55
10410.368946,13696032635.5,186593370914,17923800.0,17923800.0,-0.13,-1.08,7.47,10355.9,10355.9,10355.9,19-09-09-02-56
10410.368946,13696032635.5,186593370914,17923800.0,17923800.0,-0.13,-1.08,7.47,10355.92,10355.92,10355.92,19-09-09-02-57
10413.4106989,13698780284.3,186647890685,17923800.0,17923800.0,-0.1,-1.06,7.5,10356.14,10356.14,10356.14,19-09-09-02-58
10413.4106989,13698780284.3,186647890685,17923800.0,17923800.0,-0.1,-1.06,7.5,10358.74,10358.74,10358.74,19-09-09-02-59
10413.4106989,13698780284.3,186647890685,17923800.0,17923800.0,-0.1,-1.06,7.5,10359.12,10359.12,10359.12,19-09-09-03-00
10413.4252022,13687598644.8,186648150639,17923800.0,17923800.0,-0.08,-1.06,7.49,10358.78,10358.78,10358.78,19-09-09-03-01
10413.4252022,13687598644.8,186648150639,17923800.0,17923800.0,-0.08,-1.06,7.49,10359.13,10359.13,10359.13,19-09-09-03-02
10412.3639934,13692492732.5,186629129745,17923800.0,17923800.0,-0.09,-1.07,7.48,10359.65,10359.65,10359.65,19-09-09-03-03
10412.3639934,13692492732.5,186629129745,17923800.0,17923800.0,-0.09,-1.07,7.48,10359.37,10359.37,10359.37,19-09-09-03-04
10412.3639934,13692492732.5,186629129745,17923800.0,17923800.0,-0.09,-1.07,7.48,10358.9,10358.9,10358.9,19-09-09-03-05
10410.6878296,13684159394.5,186599086520,17923800.0,17923800.0,-0.1,-1.09,7.45,10359.44,10359.44,10359.44,19-09-09-03-06
10410.6878296,13684159394.5,186599086520,17923800.0,17923800.0,-0.1,-1.09,7.45,10366.68,10366.68,10366.68,19-09-09-03-07
10414.4848108,13688800885.3,186667528188,17923837.0,17923837.0,-0.07,-1.05,7.49,10367.14,10367.14,10367.14,19-09-09-03-08
10414.4848108,13688800885.3,186667528188,17923837.0,17923837.0,-0.07,-1.05,7.49,10368.43,10368.43,10368.43,19-09-09-03-09
10414.4848108,13688800885.3,186667528188,17923837.0,17923837.0,-0.07,-1.05,7.49,10369.36,10369.36,10369.36,19-09-09-03-10
10412.7475653,13689095827.0,186636390083,17923837.0,17923837.0,-0.08,-1.07,7.46,10370.25,10370.25,10370.25,19-09-09-03-11
10412.7475653,13689095827.0,186636390083,17923837.0,17923837.0,-0.08,-1.07,7.46,10370.44,10370.44,10370.44,19-09-09-03-12
10417.9577186,13697450708.4,186729776021,17923837.0,17923837.0,-0.03,-1.02,7.51,10370.83,10370.83,10370.83,19-09-09-03-13
10417.9577186,13697450708.4,186729776021,17923837.0,17923837.0,-0.03,-1.02,7.51,10370.99,10370.99,10370.99,19-09-09-03-14
10417.9577186,13697450708.4,186729776021,17923837.0,17923837.0,-0.03,-1.02,7.51,10370.66,10370.66,10370.66,19-09-09-03-15
10419.8500736,13701694515.0,186763694284,17923837.0,17923837.0,-0.0,-1.0,7.52,10370.89,10370.89,10370.89,19-09-09-03-16
10419.8500736,13701694515.0,186763694284,17923837.0,17923837.0,-0.0,-1.0,7.52,10372.45,10372.45,10372.45,19-09-09-03-17
10423.5554895,13703760813.7,186830109554,17923837.0,17923837.0,0.03,-0.96,7.55,10371.26,10371.26,10371.26,19-09-09-03-18
10423.5554895,13703760813.7,186830109554,17923837.0,17923837.0,0.03,-0.96,7.55,10368.7,10368.7,10368.7,19-09-09-03-20
10423.5554895,13703760813.7,186830109554,17923837.0,17923837.0,0.03,-0.96,7.55,10368.75,10368.75,10368.75,19-09-09-03-21
10424.3765921,13712674533.2,186844826863,17923837.0,17923837.0,0.05,-0.95,7.55,10370.49,10370.49,10370.49,19-09-09-03-22
10424.3765921,13712674533.2,186844826863,17923837.0,17923837.0,0.05,-0.95,7.55,10371.35,10371.35,10371.35,19-09-09-03-23
10428.804188,13715193673.1,186924186371,17923837.0,17923837.0,0.09,-0.91,7.6,10373.05,10373.05,10373.05,19-09-09-03-24
10428.804188,13715193673.1,186924186371,17923837.0,17923837.0,0.09,-0.91,7.6,10379.07,10379.07,10379.07,19-09-09-03-25
10428.804188,13715193673.1,186924186371,17923837.0,17923837.0,0.09,-0.91,7.6,10378.33,10378.33,10378.33,19-09-09-03-26
10423.2280356,13703479024.1,186824240324,17923837.0,17923837.0,0.04,-0.96,7.53,10380.6,10380.6,10380.6,19-09-09-03-27
10423.2280356,13703479024.1,186824240324,17923837.0,17923837.0,0.04,-0.96,7.53,10395.98,10395.98,10395.98,19-09-09-03-28
10432.8318269,13715160339.2,186996512741,17923850.0,17923850.0,0.13,-0.87,7.63,10404.65,10404.65,10404.65,19-09-09-03-29
10432.8318269,13715160339.2,186996512741,17923850.0,17923850.0,0.13,-0.87,7.63,10407.16,10407.16,10407.16,19-09-09-03-30
10432.8318269,13715160339.2,186996512741,17923850.0,17923850.0,0.13,-0.87,7.63,10418.22,10418.22,10418.22,19-09-09-03-31
10444.0722813,13641716932.3,187197984959,17923850.0,17923850.0,0.24,-0.77,7.73,10407.28,10407.28,10407.28,19-09-09-03-32
10444.0722813,13641716932.3,187197984959,17923850.0,17923850.0,0.24,-0.77,7.73,10413.13,10413.13,10413.13,19-09-09-03-33
10440.3537478,13637256102.0,187131334523,17923850.0,17923850.0,0.21,-0.8,7.69,10413.13,10413.13,10413.13,19-09-09-03-34
10440.3537478,13637256102.0,187131334523,17923850.0,17923850.0,0.21,-0.8,7.69,10412.3,10412.3,10412.3,19-09-09-03-35
10440.3537478,13637256102.0,187131334523,17923850.0,17923850.0,0.21,-0.8,7.69,10413.97,10413.97,10413.97,19-09-09-03-36
10434.5604507,13634188453.7,187027496334,17923850.0,17923850.0,0.17,-0.86,7.62,10413.97,10413.97,10413.97,19-09-09-03-37
10434.5604507,13634188453.7,187027496334,17923850.0,17923850.0,0.17,-0.86,7.62,10416.86,10416.86,10416.86,19-09-09-03-38
10439.3052248,13641261309.0,187112540954,17923850.0,17923850.0,0.21,-0.81,7.67,10414.08,10414.08,10414.08,19-09-09-03-39
10439.3052248,13641261309.0,187112540954,17923850.0,17923850.0,0.21,-0.81,7.67,10415.9,10415.9,10415.9,19-09-09-03-40
10439.3052248,13641261309.0,187112540954,17923850.0,17923850.0,0.21,-0.81,7.67,10417.73,10417.73,10417.73,19-09-09-03-41
10454.0534528,13660627056.9,187376885980,17923850.0,17923850.0,0.36,-0.67,7.81,10419.99,10419.99,10419.99,19-09-09-03-42
10454.0534528,13660627056.9,187376885980,17923850.0,17923850.0,0.36,-0.67,7.81,10420.74,10420.74,10420.74,19-09-09-03-43
10448.5401881,13659535186.4,187278067050,17923850.0,17923850.0,0.31,-0.72,7.75,10420.74,10420.74,10420.74,19-09-09-03-44
10448.5401881,13659535186.4,187278067050,17923850.0,17923850.0,0.31,-0.72,7.75,10423.36,10423.36,10423.36,19-09-09-03-45
10448.5401881,13659535186.4,187278067050,17923850.0,17923850.0,0.31,-0.72,7.75,10423.26,10423.26,10423.26,19-09-09-03-46
10443.7590608,13655831889.7,187192631936,17923875.0,17923875.0,0.26,-0.77,7.69,10425.09,10425.09,10425.09,19-09-09-03-47
10443.7590608,13655831889.7,187192631936,17923875.0,17923875.0,0.26,-0.77,7.69,10424.17,10424.17,10424.17,19-09-09-03-48
10443.7590608,13655831889.7,187192631936,17923875.0,17923875.0,0.26,-0.77,7.69,10426.75,10426.75,10426.75,19-09-09-03-49
10449.612341,13665788969.9,187297545399,17923875.0,17923875.0,0.32,-0.71,7.75,10426.75,10426.75,10426.75,19-09-09-03-50
10449.612341,13665788969.9,187297545399,17923875.0,17923875.0,0.32,-0.71,7.75,10430.01,10430.01,10430.01,19-09-09-03-51
10450.0879375,13665702788.7,187306069931,17923875.0,17923875.0,0.33,-0.71,7.74,10430.01,10430.01,10430.01,19-09-09-03-52
10450.0879375,13665702788.7,187306069931,17923875.0,17923875.0,0.33,-0.71,7.74,10421.33,10421.33,10421.33,19-09-09-03-53
10450.0879375,13665702788.7,187306069931,17923875.0,17923875.0,0.33,-0.71,7.74,10420.25,10420.25,10420.25,19-09-09-03-54
10449.9482471,13667414417.6,187303566137,17923875.0,17923875.0,0.33,-0.71,7.74,10411.93,10411.93,10411.93,19-09-09-03-55
10449.9482471,13667414417.6,187303566137,17923875.0,17923875.0,0.33,-0.71,7.74,10420.41,10420.41,10420.41,19-09-09-03-56
10451.3540145,13669956913.9,187328762937,17923875.0,17923875.0,0.35,-0.69,7.74,10416.66,10416.66,10416.66,19-09-09-03-57
10451.3540145,13669956913.9,187328762937,17923875.0,17923875.0,0.35,-0.69,7.74,10418.01,10418.01,10418.01,19-09-09-03-58
10451.3540145,13669956913.9,187328762937,17923875.0,17923875.0,0.35,-0.69,7.74,10412.54,10412.54,10412.54,19-09-09-03-59
10451.976233,13677837875.4,187339915503,17923875.0,17923875.0,0.36,-0.69,7.75,10412.1,10412.1,10412.1,19-09-09-04-00
10451.976233,13677837875.4,187339915503,17923875.0,17923875.0,0.36,-0.69,7.75,10415.98,10415.98,10415.98,19-09-09-04-01
10450.1326974,13670925236.8,187306872202,17923875.0,17923875.0,0.35,-0.7,7.71,10422.95,10422.95,10422.95,19-09-09-04-02
10450.1326974,13670925236.8,187306872202,17923875.0,17923875.0,0.35,-0.7,7.71,10418.54,10418.54,10418.54,19-09-09-04-03
10450.1326974,13670925236.8,187306872202,17923875.0,17923875.0,0.35,-0.7,7.71,10415.87,10415.87,10415.87,19-09-09-04-04
10446.2000081,13670567602.1,187236383170,17923875.0,17923875.0,0.31,-0.74,7.67,10416.56,10416.56,10416.56,19-09-09-04-05
10446.2000081,13670567602.1,187236383170,17923875.0,17923875.0,0.31,-0.74,7.67,10411.48,10411.48,10411.48,19-09-09-04-06
10443.9913267,13666224946.6,187196920369,17923887.0,17923887.0,0.27,-0.76,7.64,10411.56,10411.56,10411.56,19-09-09-04-07
10443.9913267,13666224946.6,187196920369,17923887.0,17923887.0,0.27,-0.76,7.64,10415.43,10415.43,10415.43,19-09-09-04-08
10443.9913267,13666224946.6,187196920369,17923887.0,17923887.0,0.27,-0.76,7.64,10415.06,10415.06,10415.06,19-09-09-04-09
10443.3693766,13664648570.8,187185772605,17923887.0,17923887.0,0.27,-0.76,7.63,10415.05,10415.05,10415.05,19-09-09-04-10
10443.3693766,13664648570.8,187185772605,17923887.0,17923887.0,0.27,-0.76,7.63,10414.06,10414.06,10414.06,19-09-09-04-11
10443.0607851,13660095635.9,187180241446,17923887.0,17923887.0,0.24,-0.77,7.61,10414.39,10414.39,10414.39,19-09-09-04-12
10443.0607851,13660095635.9,187180241446,17923887.0,17923887.0,0.24,-0.77,7.61,10414.94,10414.94,10414.94,19-09-09-04-13
10443.0607851,13660095635.9,187180241446,17923887.0,17923887.0,0.24,-0.77,7.61,10414.17,10414.17,10414.17,19-09-09-04-14
10444.8090798,13660574426.3,187211577683,17923887.0,17923887.0,0.26,-0.75,7.63,10412.95,10412.95,10412.95,19-09-09-04-15
10444.8090798,13660574426.3,187211577683,17923887.0,17923887.0,0.26,-0.75,7.63,10411.85,10411.85,10411.85,19-09-09-04-16
10449.0196867,13666557014.6,187287048125,17923887.0,17923887.0,0.26,-0.7,7.66,10411.67,10411.67,10411.67,19-09-09-04-17
10449.0196867,13666557014.6,187287048125,17923887.0,17923887.0,0.26,-0.7,7.66,10409.62,10409.62,10409.62,19-09-09-04-18
10449.0196867,13666557014.6,187287048125,17923887.0,17923887.0,0.26,-0.7,7.66,10408.72,10408.72,10408.72,19-09-09-04-19
10446.4336488,13665659877.0,187240696274,17923887.0,17923887.0,0.24,-0.73,7.63,10408.65,10408.65,10408.65,19-09-09-04-20
10446.4336488,13665659877.0,187240696274,17923887.0,17923887.0,0.24,-0.73,7.63,10407.53,10407.53,10407.53,19-09-09-04-21
10445.1301323,13654669767.3,187217332192,17923887.0,17923887.0,0.17,-0.75,7.61,10406.94,10406.94,10406.94,19-09-09-04-22
10445.1301323,13654669767.3,187217332192,17923887.0,17923887.0,0.17,-0.75,7.61,10405.37,10405.37,10405.37,19-09-09-04-23
10445.1301323,13654669767.3,187217332192,17923887.0,17923887.0,0.17,-0.75,7.61,10406.68,10406.68,10406.68,19-09-09-04-24
10449.1283291,13664939305.5,187288995419,17923887.0,17923887.0,0.17,-0.71,7.64,10408.08,10408.08,10408.08,19-09-09-04-25
10449.1283291,13664939305.5,187288995419,17923887.0,17923887.0,0.17,-0.71,7.64,10406.7,10406.7,10406.7,19-09-09-04-26
10449.1283291,13664939305.5,187288995419,17923887.0,17923887.0,0.17,-0.71,7.64,10404.12,10404.12,10404.12,19-09-09-04-27
10445.6567709,13650491952.7,187227429679,17923950.0,17923950.0,0.14,-0.74,7.6,10404.11,10404.11,10404.11,19-09-09-04-28
10445.6567709,13650491952.7,187227429679,17923950.0,17923950.0,0.14,-0.74,7.6,10401.28,10401.28,10401.28,19-09-09-04-29
10435.5095463,13644194323.9,187045551332,17923950.0,17923950.0,-0.01,-0.84,7.48,10397.2,10397.2,10397.2,19-09-09-04-30
10435.5095463,13644194323.9,187045551332,17923950.0,17923950.0,-0.01,-0.84,7.48,10395.94,10395.94,10395.94,19-09-09-04-31
10435.5095463,13644194323.9,187045551332,17923950.0,17923950.0,-0.01,-0.84,7.48,10395.62,10395.62,10395.62,19-09-09-04-32
10437.3325549,13554003031.1,187078226847,17923950.0,17923950.0,0.01,-0.82,7.5,10392.81,10392.81,10392.81,19-09-09-04-33
10437.3325549,13554003031.1,187078226847,17923950.0,17923950.0,0.01,-0.82,7.5,10390.28,10390.28,10390.28,19-09-09-04-34
10434.608163,13551076541.5,187029394983,17923950.0,17923950.0,-0.06,-0.85,7.46,10390.78,10390.78,10390.78,19-09-09-04-35
10434.608163,13551076541.5,187029394983,17923950.0,17923950.0,-0.06,-0.85,7.46,10389.2,10389.2,10389.2,19-09-09-04-36
10434.608163,13551076541.5,187029394983,17923950.0,17923950.0,-0.06,-0.85,7.46,10388.03,10388.03,10388.03,19-09-09-04-37
10434.0644483,13555555001.0,187019649468,17923950.0,17923950.0,-0.07,-0.85,7.45,10389.28,10389.28,10389.28,19-09-09-04-38
10434.0644483,13555555001.0,187019649468,17923950.0,17923950.0,-0.07,-0.85,7.45,10389.69,10389.69,10389.69,19-09-09-04-39
10434.0282178,13539519696.4,187019000074,17923950.0,17923950.0,-0.1,-0.86,7.44,10389.03,10389.03,10389.03,19-09-09-04-40
10434.0282178,13539519696.4,187019000074,17923950.0,17923950.0,-0.1,-0.86,7.44,10387.84,10387.84,10387.84,19-09-09-04-41
10434.0282178,13539519696.4,187019000074,17923950.0,17923950.0,-0.1,-0.86,7.44,10387.8,10387.8,10387.8,19-09-09-04-42
10434.0642056,13559205157.4,187019645118,17923950.0,17923950.0,-0.1,-0.86,7.44,10387.14,10387.14,10387.14,19-09-09-04-43
10434.0642056,13559205157.4,187019645118,17923950.0,17923950.0,-0.1,-0.86,7.44,10385.8,10385.8,10385.8,19-09-09-04-44
10434.2025013,13568844657.7,187022123923,17923950.0,17923950.0,-0.13,-0.86,7.42,10398.48,10398.48,10398.48,19-09-09-04-45
10434.2025013,13568844657.7,187022123923,17923950.0,17923950.0,-0.13,-0.86,7.42,10411.91,10411.91,10411.91,19-09-09-04-46
10434.2025013,13568844657.7,187022123923,17923950.0,17923950.0,-0.13,-0.86,7.42,10413.96,10413.96,10413.96,19-09-09-04-47
10440.7901246,13578238877.6,187140200154,17923950.0,17923950.0,-0.07,-0.8,7.49,10419.63,10419.63,10419.63,19-09-09-04-48
10440.7901246,13578238877.6,187140200154,17923950.0,17923950.0,-0.07,-0.8,7.49,10416.05,10416.05,10416.05,19-09-09-04-49
10438.2557479,13581553068.1,187094774113,17923950.0,17923950.0,-0.09,-0.82,7.45,10415.15,10415.15,10415.15,19-09-09-04-51
10438.2557479,13581553068.1,187094774113,17923950.0,17923950.0,-0.09,-0.82,7.45,10420.99,10420.99,10420.99,19-09-09-04-52
10438.2557479,13581553068.1,187094774113,17923950.0,17923950.0,-0.09,-0.82,7.45,10418.79,10418.79,10418.79,19-09-09-04-53
10446.2761918,13592927353.8,187238532148,17923950.0,17923950.0,-0.01,-0.75,7.53,10418.85,10418.85,10418.85,19-09-09-04-54
10446.2761918,13592927353.8,187238532148,17923950.0,17923950.0,-0.01,-0.75,7.53,10418.06,10418.06,10418.06,19-09-09-04-55
10450.3212111,13606923886.3,187311034872,17923950.0,17923950.0,0.02,-0.7,7.56,10417.64,10417.64,10417.64,19-09-09-04-56
10450.3212111,13606923886.3,187311034872,17923950.0,17923950.0,0.02,-0.7,7.56,10415.83,10415.83,10415.83,19-09-09-04-57
10450.3212111,13606923886.3,187311034872,17923950.0,17923950.0,0.02,-0.7,7.56,10418.56,10418.56,10418.56,19-09-09-04-58
10450.431728,13605610739.6,187313015771,17923950.0,17923950.0,0.02,-0.7,7.56,10415.66,10415.66,10415.66,19-09-09-04-59
10450.431728,13605610739.6,187313015771,17923950.0,17923950.0,0.02,-0.7,7.56,10416.46,10416.46,10416.46,19-09-09-05-00
10442.8915008,13604651441.8,187177865116,17923950.0,17923950.0,-0.05,-0.77,7.46,10415.66,10415.66,10415.66,19-09-09-05-01
10442.8915008,13604651441.8,187177865116,17923950.0,17923950.0,-0.05,-0.77,7.46,10415.03,10415.03,10415.03,19-09-09-05-02
10442.8915008,13604651441.8,187177865116,17923950.0,17923950.0,-0.05,-0.77,7.46,10416.85,10416.85,10416.85,19-09-09-05-03
10445.6599725,13610107743.2,187227487064,17923950.0,17923950.0,-0.02,-0.75,7.49,10420.32,10420.32,10420.32,19-09-09-05-04
10445.6599725,13610107743.2,187227487064,17923950.0,17923950.0,-0.02,-0.75,7.49,10421.82,10421.82,10421.82,19-09-09-05-05
10445.7117381,13614611591.5,187228414908,17923950.0,17923950.0,-0.01,-0.75,7.48,10422.55,10422.55,10422.55,19-09-09-05-06
10445.7117381,13614611591.5,187228414908,17923950.0,17923950.0,-0.01,-0.75,7.48,10422.55,10422.55,10422.55,19-09-09-05-07
10445.7117381,13614611591.5,187228414908,17923950.0,17923950.0,-0.01,-0.75,7.48,10421.28,10421.28,10421.28,19-09-09-05-08
10450.3186144,13626653975.6,187311510845,17924000.0,17924000.0,0.03,-0.7,7.53,10418.76,10418.76,10418.76,19-09-09-05-09
10450.3186144,13626653975.6,187311510845,17924000.0,17924000.0,0.03,-0.7,7.53,10418.76,10418.76,10418.76,19-09-09-05-10
10452.8215182,13623821681.7,187356372892,17924000.0,17924000.0,0.06,-0.68,7.54,10417.5,10417.5,10417.5,19-09-09-05-11
10452.8215182,13623821681.7,187356372892,17924000.0,17924000.0,0.06,-0.68,7.54,10413.75,10413.75,10413.75,19-09-09-05-12
10452.8215182,13623821681.7,187356372892,17924000.0,17924000.0,0.06,-0.68,7.54,10412.92,10412.92,10412.92,19-09-09-05-13
10453.2136877,13631770340.7,187363402138,17924000.0,17924000.0,0.06,-0.68,7.54,10412.57,10412.57,10412.57,19-09-09-05-14
10453.2136877,13631770340.7,187363402138,17924000.0,17924000.0,0.06,-0.68,7.54,10412.57,10412.57,10412.57,19-09-09-05-15
10445.8252469,13629214823.4,187230971725,17924000.0,17924000.0,0.0,-0.75,7.45,10396.86,10396.86,10396.86,19-09-09-05-16
10445.8252469,13629214823.4,187230971725,17924000.0,17924000.0,0.0,-0.75,7.45,10385.1,10385.1,10385.1,19-09-09-05-17
10445.8252469,13629214823.4,187230971725,17924000.0,17924000.0,0.0,-0.75,7.45,10392.44,10392.44,10392.44,19-09-09-05-18
10452.0022774,13641147464.2,187341688820,17924000.0,17924000.0,0.06,-0.69,7.51,10392.44,10392.44,10392.44,19-09-09-05-19
10452.0022774,13641147464.2,187341688820,17924000.0,17924000.0,0.06,-0.69,7.51,10401.03,10401.03,10401.03,19-09-09-05-20
10452.0022774,13641147464.2,187341688820,17924000.0,17924000.0,0.06,-0.69,7.51,10407.71,10407.71,10407.71,19-09-09-05-21
10445.0258156,13620238973.9,187216642719,17924000.0,17924000.0,0.01,-0.77,7.43,10408.5,10408.5,10408.5,19-09-09-05-22
10445.0258156,13620238973.9,187216642719,17924000.0,17924000.0,0.01,-0.77,7.43,10411.42,10411.42,10411.42,19-09-09-05-23
10444.0506325,13619542469.6,187199163537,17924000.0,17924000.0,0.0,-0.77,7.42,10415.63,10415.63,10415.63,19-09-09-05-24
10444.0506325,13619542469.6,187199163537,17924000.0,17924000.0,0.0,-0.77,7.42,10407.32,10407.32,10407.32,19-09-09-05-25
10444.0506325,13619542469.6,187199163537,17924000.0,17924000.0,0.0,-0.77,7.42,10401.12,10401.12,10401.12,19-09-09-05-26
10444.0495542,13644439939.8,187199144209,17924000.0,17924000.0,0.01,-0.78,7.41,10396.34,10396.34,10396.34,19-09-09-05-27
10444.0495542,13644439939.8,187199144209,17924000.0,17924000.0,0.01,-0.78,7.41,10398.94,10398.94,10398.94,19-09-09-05-28
10443.2357793,13645638898.6,187185205589,17924062.0,17924062.0,0.01,-0.79,7.4,10410.28,10410.28,10410.28,19-09-09-05-29
10443.2357793,13645638898.6,187185205589,17924062.0,17924062.0,0.01,-0.79,7.4,10406.31,10406.31,10406.31,19-09-09-05-30
10443.2357793,13645638898.6,187185205589,17924062.0,17924062.0,0.01,-0.79,7.4,10395.61,10395.61,10395.61,19-09-09-05-31
10438.8571854,13608391102.6,187106723400,17924062.0,17924062.0,-0.02,-0.83,7.34,10394.87,10394.87,10394.87,19-09-09-05-32
10438.8571854,13608391102.6,187106723400,17924062.0,17924062.0,-0.02,-0.83,7.34,10399.26,10399.26,10399.26,19-09-09-05-33
10441.3706725,13569951140.9,187151775299,17924062.0,17924062.0,0.01,-0.81,7.37,10400.12,10400.12,10400.12,19-09-09-05-34
10441.3706725,13569951140.9,187151775299,17924062.0,17924062.0,0.01,-0.81,7.37,10400.58,10400.58,10400.58,19-09-09-05-35
10441.3706725,13569951140.9,187151775299,17924062.0,17924062.0,0.01,-0.81,7.37,10400.79,10400.79,10400.79,19-09-09-05-36
10439.4156262,13568895946.6,187116732928,17924062.0,17924062.0,-0.0,-0.82,7.33,10400.09,10400.09,10400.09,19-09-09-05-37
10439.4156262,13568895946.6,187116732928,17924062.0,17924062.0,-0.0,-0.82,7.33,10393.09,10393.09,10393.09,19-09-09-05-38
10445.5294371,13571924428.8,187226317253,17924062.0,17924062.0,0.06,-0.76,7.4,10392.96,10392.96,10392.96,19-09-09-05-39
10445.5294371,13571924428.8,187226317253,17924062.0,17924062.0,0.06,-0.76,7.4,10389.44,10389.44,10389.44,19-09-09-05-40
10445.5294371,13571924428.8,187226317253,17924062.0,17924062.0,0.06,-0.76,7.4,10394.0,10394.0,10394.0,19-09-09-05-41
10449.1144897,13574700954.9,187290575958,17924062.0,17924062.0,0.09,-0.73,7.42,10392.83,10392.83,10392.83,19-09-09-05-42
10449.1144897,13574700954.9,187290575958,17924062.0,17924062.0,0.09,-0.73,7.42,10390.28,10390.28,10390.28,19-09-09-05-43
10441.5739496,13570099769.8,187155418850,17924062.0,17924062.0,0.02,-0.8,7.34,10392.24,10392.24,10392.24,19-09-09-05-44
10441.5739496,13570099769.8,187155418850,17924062.0,17924062.0,0.02,-0.8,7.34,10391.87,10391.87,10391.87,19-09-09-05-45
10441.5739496,13570099769.8,187155418850,17924062.0,17924062.0,0.02,-0.8,7.34,10390.7,10390.7,10390.7,19-09-09-05-46
10438.2916294,13568916815.9,187096722037,17924075.0,17924075.0,-0.02,-0.82,7.3,10387.81,10387.81,10387.81,19-09-09-05-47
10438.2916294,13568916815.9,187096722037,17924075.0,17924075.0,-0.02,-0.82,7.3,10393.22,10393.22,10393.22,19-09-09-05-48
10442.6299879,13571459383.3,187174483100,17924075.0,17924075.0,0.02,-0.78,7.34,10399.76,10399.76,10399.76,19-09-09-05-49
10442.6299879,13571459383.3,187174483100,17924075.0,17924075.0,0.02,-0.78,7.34,10405.15,10405.15,10405.15,19-09-09-05-50
10442.6299879,13571459383.3,187174483100,17924075.0,17924075.0,0.02,-0.78,7.34,10411.37,10411.37,10411.37,19-09-09-05-51
10439.5359877,13575772881.4,187119026009,17924075.0,17924075.0,-0.02,-0.81,7.3,10411.56,10411.56,10411.56,19-09-09-05-52
10439.5359877,13575772881.4,187119026009,17924075.0,17924075.0,-0.02,-0.81,7.3,10410.6,10410.6,10410.6,19-09-09-05-53
10437.2472435,13580883334.8,187078002386,17924075.0,17924075.0,-0.04,-0.83,7.28,10410.78,10410.78,10410.78,19-09-09-05-54
10437.2472435,13580883334.8,187078002386,17924075.0,17924075.0,-0.04,-0.83,7.28,10412.57,10412.57,10412.57,19-09-09-05-55
10437.2472435,13580883334.8,187078002386,17924075.0,17924075.0,-0.04,-0.83,7.28,10412.59,10412.59,10412.59,19-09-09-05-56
10440.7979422,13579964128.7,187141645376,17924075.0,17924075.0,-0.03,-0.8,7.3,10415.5,10415.5,10415.5,19-09-09-05-57
10440.7979422,13579964128.7,187141645376,17924075.0,17924075.0,-0.03,-0.8,7.3,10421.22,10421.22,10421.22,19-09-09-05-58
10440.6791903,13586223091.0,187139516858,17924075.0,17924075.0,-0.03,-0.8,7.3,10416.9,10416.9,10416.9,19-09-09-05-59
10440.6791903,13586223091.0,187139516858,17924075.0,17924075.0,-0.03,-0.8,7.3,10407.82,10407.82,10407.82,19-09-09-06-00
10440.6791903,13586223091.0,187139516858,17924075.0,17924075.0,-0.03,-0.8,7.3,10406.25,10406.25,10406.25,19-09-09-06-01
10433.2954105,13583877497.4,187007169435,17924075.0,17924075.0,-0.14,-0.87,7.21,10414.5,10414.5,10414.5,19-09-09-06-02
10433.2954105,13583877497.4,187007169435,17924075.0,17924075.0,-0.14,-0.87,7.21,10416.43,10416.43,10416.43,19-09-09-06-03
10437.5088244,13595761403.1,187082690982,17924075.0,17924075.0,-0.1,-0.83,7.26,10413.54,10413.54,10413.54,19-09-09-06-04
10437.5088244,13595761403.1,187082690982,17924075.0,17924075.0,-0.1,-0.83,7.26,10416.27,10416.27,10416.27,19-09-09-06-05
